Ticker,Company,Sector,SubIndustry,1Y_Change(%),Volatility(%),AvgAnnualReturn(%),MaxDrawdown(%)
HOOD,Robinhood Markets,Financials,Investment Banking & Brokerage,332.8337847045195,74.57977280800307,176.78101316720048,47.656251826122734
PLTR,Palantir Technologies,Information Technology,Application Software,213.2605578127668,68.82306796445545,139.5354713741646,40.61145842956551
WDC,Western Digital,Information Technology,"Technology Hardware, Storage & Peripherals",208.20347421646156,52.523962134033134,128.37292541565154,44.97559586756691
STX,Seagate Technology,Information Technology,"Technology Hardware, Storage & Peripherals",171.3673936414612,50.28234457223088,114.06610665558708,38.12496574701976
APP,AppLovin,Information Technology,Application Software,152.0423430934374,82.59668096268925,128.37733804463576,56.997237367446886
WBD,Warner Bros. Discovery,Communication Services,Broadcasting,139.2742833524187,63.94338387680628,108.25970795840104,38.43074300927699
MU,Micron Technology,Information Technology,Semiconductors,111.02641472164795,62.01986275275884,95.34145171586795,42.78417633746403
LRCX,Lam Research,Information Technology,Semiconductor Materials & Equipment,106.92856346763992,47.91653496916538,85.34537255067357,33.421322375091925
AVGO,Broadcom,Information Technology,Semiconductors,95.35255332850372,58.14919886267933,84.53063084633766,41.14967693733898
TPR,"Tapestry, Inc.",Consumer Discretionary,"Apparel, Accessories & Luxury Goods",95.16943287540664,44.21814687054445,77.8559681074909,31.776622821033087
APH,Amphenol,Information Technology,Electronic Components,88.24871388772476,35.35146890264301,70.60767259124347,24.57916429531413
NEM,Newmont,Materials,Gold,86.4131429412387,39.45541547493296,71.15858780494048,19.985753597798833
GLW,Corning Inc.,Information Technology,Electronic Components,86.14596166141777,33.66502584251295,68.84024435295977,27.567663990084895
HWM,Howmet Aerospace,Industrials,Aerospace & Defense,85.48373327866896,34.27427350299815,68.71160721206537,19.41315740149048
NRG,NRG Energy,Utilities,Independent Power Producers & Energy Traders,78.85526555079943,55.35707836275407,74.01687427273053,26.224305924575653
KLAC,KLA Corporation,Information Technology,Semiconductor Materials & Equipment,77.51855552755428,42.701684343007685,67.38112801579736,25.69315345109195
GE,GE Aerospace,Industrials,Aerospace & Defense,71.74080532397016,30.79101419447451,59.75084259651058,21.364264304679907
CAH,Cardinal Health,Health Care,Health Care Distributors,69.88364147596859,27.571945307638185,57.59986629568743,12.879566138373075
IBKR,Interactive Brokers,Financials,Investment Banking & Brokerage,68.55871346156341,44.76328712110574,63.09841066907285,38.66281329387594
TER,Teradyne,Information Technology,Semiconductor Materials & Equipment,66.50985823661031,57.77471149184383,68.12636073396519,51.405461380124905
IDXX,Idexx Laboratories,Health Care,Health Care Equipment,64.83602545828522,44.14635464248306,59.80470536968634,23.025754313591012
GEV,GE Vernova,Industrials,Heavy Electrical Equipment,63.74872576339069,55.53177322472273,65.81716316544993,38.28561520177484
CRWD,CrowdStrike,Information Technology,Systems Software,60.989183595274795,46.92911523081534,59.2335267366336,32.17234818884977
DLTR,Dollar Tree,Consumer Staples,Consumer Staples Merchandise Retail,60.48158601109588,42.75320378716012,57.22517015804416,27.415501658071335
TEL,TE Connectivity,Information Technology,Electronic Manufacturing Services,58.838137911955236,28.737968423279543,51.12159921351375,21.95745655076498
AMD,Advanced Micro Devices,Information Technology,Semiconductors,58.65704533964299,58.62728401717153,63.31534315783025,47.79735999129815
HII,Huntington Ingalls Industries,Industrials,Aerospace & Defense,58.39215737786695,36.99350934212621,53.733127857779714,23.421689914927175
SMCI,Supermicro,Information Technology,"Technology Hardware, Storage & Peripherals",58.30062719433053,103.22369814511059,98.11737413067088,51.02074650807994
GOOGL,Alphabet Inc. (Class A),Communication Services,Interactive Media & Services,58.23279381285866,32.681188032353,51.967178885434414,29.805869849409945
GOOG,Alphabet Inc. (Class C),Communication Services,Interactive Media & Services,57.22451762028867,32.232863450971706,51.17121869950726,29.350060555515878
JBL,Jabil,Information Technology,Electronic Manufacturing Services,56.9391733947364,39.20424033123429,53.47072658819324,32.53612648166991
TKO,TKO Group Holdings,Communication Services,Movies & Entertainment,54.90060884136276,33.34196135468001,50.01575262453455,21.118716407536215
C,Citigroup,Financials,Diversified Banks,52.17725562881886,31.169694256800835,47.599916799786904,31.312777059609274
JCI,Johnson Controls,Industrials,Building Products,51.15769903702194,31.62391035136856,46.92897577832621,21.126271878120427
IBM,IBM,Information Technology,IT Consulting & Other Services,50.333078896025995,30.49385858702358,46.03385588237553,19.819084552975347
TSLA,"Tesla, Inc.",Consumer Discretionary,Automobile Manufacturers,50.18355668796042,66.69273454583863,63.35988777626904,53.765680118585216
RTX,RTX Corporation,Industrials,Aerospace & Defense,48.741317857973335,27.351882780325944,44.14081744341841,16.150678997380982
FOXA,Fox Corporation (Class A),Communication Services,Broadcasting,48.491886190727215,30.053828846720926,44.695930628149675,18.21064944249523
APTV,Aptiv,Consumer Discretionary,Automotive Parts & Equipment,47.55571418894626,34.66410369417379,45.53551318767563,29.133398073741557
DDOG,Datadog,Information Technology,Application Software,47.02212589189384,49.91015924038659,51.18445760446224,48.413873021899015
COR,Cencora,Health Care,Health Care Distributors,46.61147823633171,21.85482278951435,41.291827091643455,10.681769984520553
CEG,Constellation Energy,Utilities,Electric Utilities,46.287837770605194,62.32643937952648,57.913659028330656,50.70228648397275
WSM,"Williams-Sonoma, Inc.",Consumer Discretionary,Homefurnishing Retail,45.46066177563595,50.165154072755925,50.13911125608118,36.787468305161006
FOX,Fox Corporation (Class B),Communication Services,Broadcasting,44.20951377435228,30.150342758613096,41.74916469985973,18.797715619597394
RL,Ralph Lauren Corporation,Consumer Discretionary,"Apparel, Accessories & Luxury Goods",44.045770450766106,39.72940576501661,45.04215018637676,36.17542847615047
CVS,CVS Health,Health Care,Health Care Services,43.72486456952168,34.72355578181221,42.810927260822666,27.130504088858604
BK,BNY Mellon,Financials,Asset Management & Custody Banks,42.645290991524895,23.695096702698994,38.913309419818326,17.58291294208654
WYNN,Wynn Resorts,Consumer Discretionary,Casinos & Gaming,42.030071896832176,41.55910564414519,44.15039538546803,31.070530859184597
INTC,Intel,Information Technology,Semiconductors,41.97484684855535,62.93709213930391,54.66672055830065,33.80796069817178
MCK,McKesson Corporation,Health Care,Health Care Distributors,41.95902003789082,22.646651130098412,38.181909754060236,10.379008712436091
CAT,Caterpillar Inc.,Industrials,Construction Machinery & Heavy Transportation Equipment,41.68794452614259,31.552868263823385,40.34131924318792,32.796898132106975
TTWO,Take-Two Interactive,Communication Services,Interactive Home Entertainment,40.87179576710609,29.57410993428261,39.12739253858313,10.72264071778689
CHRW,C.H. Robinson,Industrials,Air Freight & Logistics,40.64058461446251,37.455148597447646,41.27439457888712,23.26578946812993
WELL,Welltower,Real Estate,Health Care REITs,39.68246490581425,21.66277811369138,36.321019162393036,12.986105330608948
EQT,EQT Corporation,Energy,Oil & Gas Exploration & Production,39.56220487159224,38.57448725201051,41.42631355469854,18.363966111221302
FSLR,First Solar,Information Technology,Semiconductors,38.27148714084343,62.646973984350296,52.189272831099885,42.10273263103665
PWR,Quanta Services,Industrials,Construction & Engineering,38.20106371308467,39.36964710494458,40.804885286536134,33.885428409626634
GS,Goldman Sachs,Financials,Investment Banking & Brokerage,38.04392385590219,30.73903568435069,37.48317390230692,30.895732816148097
NFLX,Netflix,Communication Services,Movies & Entertainment,37.7231588862689,32.99868623099055,37.99141185025191,19.15170932458769
VST,Vistra Corp.,Utilities,Electric Utilities,36.79601544103656,67.42676447000483,55.462764217602675,48.80427643634137
ROK,Rockwell Automation,Industrials,Electrical Components & Equipment,36.75559942501627,32.8769693185735,37.08988440293504,27.775573512146067
CNP,CenterPoint Energy,Utilities,Multi-Utilities,36.10340721417655,17.41677422953634,32.84996359788767,8.386124855033565
JPM,JPMorgan Chase,Financials,Diversified Banks,35.39841302674931,23.979357422959943,33.69304016677832,24.423927179305554
ETR,Entergy,Utilities,Electric Utilities,35.021116576310575,21.482332612043788,32.837693687172646,10.103541685608542
EL,Estée Lauder Companies (The),Consumer Staples,Personal Care Products,34.847892795837325,48.84788690582716,42.488826755963,41.15434457106088
IVZ,Invesco,Financials,Asset Management & Custody Banks,34.00284329013033,39.806094100008934,37.55257312638179,36.52208129113241
VLO,Valero Energy,Energy,Oil & Gas Refining & Marketing,33.55774370949484,37.017308257601414,36.33830296363787,26.78509178271081
HCA,HCA Healthcare,Health Care,Health Care Facilities,33.470558361553906,26.633748474629186,32.896272106917664,16.944880855769355
CMI,Cummins,Industrials,Construction Machinery & Heavy Transportation Equipment,33.16475490225779,31.07996512784508,33.889050506526246,30.481330732950155
EBAY,eBay Inc.,Consumer Discretionary,Broadline Retail,32.44462180652949,37.466701647543196,35.532512221389524,19.516271508847712
ORCL,Oracle Corporation,Information Technology,Application Software,32.11617461947201,59.45864733405851,44.7124316175002,35.78746930881845
PODD,Insulet Corporation,Health Care,Health Care Equipment,32.01077620074832,37.8800109148082,35.08005621261596,17.77030402298711
MS,Morgan Stanley,Financials,Investment Banking & Brokerage,30.797213930445476,30.77819446830236,32.02921607412707,29.238726005577973
SCHW,Charles Schwab Corporation,Financials,Investment Banking & Brokerage,30.394566909766763,25.698102432901738,30.277015333819907,17.157644822212966
PSKY,Paramount Skydance Corporation,Communication Services,Movies & Entertainment,30.38300897613095,56.72622994136005,41.52532418980576,24.9873262335751
BA,Boeing,Industrials,Aerospace & Defense,30.14969238349104,37.22329388222915,33.655857670974974,26.66308921455537
EME,Emcor,Industrials,Construction & Engineering,29.87815798513664,44.71277265303899,36.934504879115195,36.1891111662059
GILD,Gilead Sciences,Health Care,Biotechnology,29.802576600749187,27.623043731796848,30.28957274871477,16.880875064658685
ULTA,Ulta Beauty,Consumer Discretionary,Other Specialty Retail,29.647051172931594,38.38723348776282,33.556404866173416,29.524213432508457
VRSN,Verisign,Information Technology,Internet Services & Infrastructure,29.569013596620902,25.82121908128265,29.67161926810295,23.690523678500682
AXP,American Express,Financials,Consumer Finance,28.88564554234987,31.36751198756317,30.661990639577912,28.757424350339246
AEP,American Electric Power,Utilities,Electric Utilities,28.645566554036023,19.56353373992392,27.50723915562804,9.580533560106993
EVRG,Evergy,Utilities,Electric Utilities,28.072520718935333,16.56587922977242,26.5265939706534,8.012642321908483
MPC,Marathon Petroleum,Energy,Oil & Gas Refining & Marketing,28.014349658702,34.542373147155466,31.118811408411762,25.18993772153802
INCY,Incyte,Health Care,Biotechnology,27.762936151397437,35.17067104258908,31.08927610829409,33.83305350650663
CME,CME Group,Financials,Financial Exchanges & Data,27.691076841351514,18.57587590313592,26.57961867338624,10.13076237753014
WRB,W. R. Berkley Corporation,Financials,Property & Casualty Insurance,27.634580460243612,22.099195955161285,27.235692317777865,11.847157686438141
CBOE,Cboe Global Markets,Financials,Financial Exchanges & Data,27.577632965099685,22.372277846455784,27.260555746410486,12.140324344368375
STT,State Street Corporation,Financials,Asset Management & Custody Banks,27.134785769365877,28.20955832343773,28.404058946433715,25.68234880317965
F,Ford Motor Company,Consumer Discretionary,Automobile Manufacturers,27.108152436831745,33.65894410533468,29.978564847048595,21.28081710958658
EXPE,Expedia Group,Consumer Discretionary,"Hotels, Resorts & Cruise Lines",26.976545125424785,42.857964871057725,33.15836957022773,33.702907692392344
ATO,Atmos Energy,Utilities,Gas Utilities,26.871472362384484,17.477232503647556,25.72049803714525,9.918770215629626
NVDA,Nvidia,Information Technology,Semiconductors,26.366139153948392,49.86400549197984,36.232850005498925,36.88102669914986
DG,Dollar General,Consumer Staples,Consumer Staples Merchandise Retail,26.04576741933327,34.97071096822893,29.486912303032902,17.021730919426066
WFC,Wells Fargo,Financials,Diversified Banks,25.972192015902916,29.518130761912897,27.84034681009838,24.73462658003794
UBER,Uber,Industrials,Passenger Ground Transportation,25.967463703516692,39.00701494519829,31.025108552481512,20.70192116753988
EA,Electronic Arts,Communication Services,Interactive Home Entertainment,25.86442691357317,33.195096856996884,28.938344220313127,30.544547915500157
XEL,Xcel Energy,Utilities,Multi-Utilities,25.70250370503382,20.212239061756907,25.290459599985176,12.376536723757486
NI,NiSource,Utilities,Multi-Utilities,25.685781735140985,20.457360665019454,25.340357474299612,9.992723595982625
PM,Philip Morris International,Consumer Staples,Tobacco,25.627199533494295,26.12930037409719,26.589848681067487,20.63635327034849
GM,General Motors,Consumer Discretionary,Automobile Manufacturers,25.601512564158867,38.39748731901797,30.446929558714146,29.095993839385347
MMM,3M,Industrials,Industrial Conglomerates,25.58298969192733,29.673522456530605,27.52841775595563,18.714543357018844
CSCO,Cisco,Information Technology,Communications Equipment,25.46827317246042,22.808129881359395,25.649936594931415,17.457816881826876
NTRS,Northern Trust,Financials,Asset Management & Custody Banks,25.355097430727607,29.06376596043637,27.160174665031615,25.21365806794472
AXON,Axon Enterprise,Industrials,Aerospace & Defense,25.256536458333333,61.919528989336925,41.50426799502018,32.587800452586734
EW,Edwards Lifesciences,Health Care,Health Care Equipment,25.212647367603807,24.647363464315784,25.84466365905776,11.97007803431395
MPWR,Monolithic Power Systems,Information Technology,Semiconductors,24.66205006520984,61.453717544464745,41.15113297027387,41.0011612450084
TJX,TJX Companies,Consumer Discretionary,Apparel Retail,24.590334101666606,17.990822492002405,23.95811307863009,11.04476442546945
EXC,Exelon,Utilities,Electric Utilities,24.533614799944544,18.83766123064936,24.07087491465041,10.118841615173114
HAS,Hasbro,Consumer Discretionary,Leisure Products,24.476061502027996,35.73534070356945,28.520622411904295,25.77308216740174
ANET,Arista Networks,Information Technology,Communications Equipment,24.37474612641211,58.32592763257832,39.57571190665284,50.41596124253692
L,Loews Corporation,Financials,Multi-line Insurance,24.169559344474887,19.412990833332046,23.902918956392625,12.162016757476358
LVS,Las Vegas Sands,Consumer Discretionary,Casinos & Gaming,24.1293667593312,40.87436365343871,30.20062078262808,44.02824460036629
EXE,Expand Energy,Energy,Oil & Gas Exploration & Production,23.986428794311283,30.194264895941934,26.445365164257105,22.904844896115314
ES,Eversource Energy,Utilities,Electric Utilities,23.405832635161687,24.58640414303172,24.39630556365147,13.94113004984005
JNJ,Johnson & Johnson,Health Care,Pharmaceuticals,23.150605106302404,19.34724151968274,23.04168709405102,12.725099158165524
XYL,Xylem Inc.,Industrials,Industrial Machinery & Supplies & Components,23.024597347712348,24.721792879364966,24.071964640772283,21.857775532589017
LNT,Alliant Energy,Utilities,Electric Utilities,22.54918133205513,18.35679254233585,22.354410087719874,10.978181567849838
WMT,Walmart,Consumer Staples,Consumer Staples Merchandise Retail,22.446562508297532,24.495292241526773,23.559612334344422,21.928029592648873
GL,Globe Life,Financials,Life & Health Insurance,22.410808057515837,25.954394692243177,23.906157965153906,14.704101320053123
PH,Parker Hannifin,Industrials,Industrial Machinery & Supplies & Components,22.13584467591589,32.02722843240567,25.417555284701955,26.78784967207537
STE,Steris,Health Care,Health Care Equipment,21.90983218890886,23.475764237162775,22.830877050518914,12.203221258411084
BAC,Bank of America,Financials,Diversified Banks,21.831774321848098,26.80851464740156,23.71512820989186,27.50937797706699
AMAT,Applied Materials,Information Technology,Semiconductor Materials & Equipment,21.57239205089946,45.39678623997112,30.168640604901213,34.91770241137827
AEE,Ameren,Utilities,Multi-Utilities,21.343239248376715,17.83506446431019,21.253812134041475,8.450904220578497
MNST,Monster Beverage,Consumer Staples,Soft Drinks & Non-alcoholic Beverages,21.15841058507754,23.85652048721367,22.345060997914846,18.126997210155917
ROL,"Rollins, Inc.",Industrials,Environmental & Facilities Services,21.063432459740923,21.79026735196688,21.784514934266213,11.513860181790292
WEC,WEC Energy Group,Utilities,Electric Utilities,20.231547574540894,17.210213029181247,20.205561568934264,9.52661280156922
VTR,Ventas,Real Estate,Health Care REITs,19.7553753318345,22.68000146452767,20.8781638792193,11.986167747089082
AAPL,Apple Inc.,Information Technology,"Technology Hardware, Storage & Peripherals",19.14257142986146,32.702044215597574,23.064067893155908,33.360516168821135
COF,Capital One,Financials,Consumer Finance,18.77706515827696,36.52257667294205,24.111931261826903,28.238492578791703
LLY,Lilly (Eli),Health Care,Pharmaceuticals,18.45369930053858,41.10037389458669,25.71382506878231,32.56760357852007
DTE,DTE Energy,Utilities,Multi-Utilities,18.43637475651242,17.158109523141434,18.671819242434555,8.674453872162866
MSFT,Microsoft,Information Technology,Systems Software,17.723718618670425,24.420607999121348,19.520054220477363,21.825690565450692
ORLY,O’Reilly Automotive,Consumer Discretionary,Automotive Retail,17.331272879750863,20.369294814039733,18.311558116831765,14.950846588952322
T,AT&T,Communication Services,Integrated Telecommunication Services,17.278862148962745,22.977512012926045,18.846030017898734,16.599861155967048
DE,Deere & Company,Industrials,Agricultural & Farm Machinery,17.244244102225213,29.10314901166438,20.351442698230755,18.622170288944204
ALLE,Allegion,Industrials,Building Products,16.979071419117474,25.206230576251983,19.066374959807877,16.940873677307593
AZO,AutoZone,Consumer Discretionary,Automotive Retail,16.6174628696882,21.87409532087562,18.01245556442162,17.875599707471256
PPL,PPL Corporation,Utilities,Electric Utilities,16.48784187636829,17.85259956439205,17.104009304193887,9.034897006701907
RCL,Royal Caribbean Group,Consumer Discretionary,"Hotels, Resorts & Cruise Lines",16.338185715434836,44.174239747026064,25.05546639844816,35.02264304545122
BEN,Franklin Resources,Financials,Asset Management & Custody Banks,15.94248994941871,31.520081963548428,19.9209038929782,24.394957246744628
DUK,Duke Energy,Utilities,Electric Utilities,15.765017270809642,17.094700129460772,16.336644585786196,9.930154551701284
AMZN,Amazon,Consumer Discretionary,Broadline Retail,15.705779459687049,35.02608078610726,20.89998946202391,30.876638431876057
COIN,Coinbase,Financials,Financial Exchanges & Data,15.509820449822028,77.8791745831591,44.38940609832238,55.91932851024979
SYF,Synchrony Financial,Financials,Consumer Finance,15.333402363400475,37.87323810634734,21.691595256349213,37.746908274710535
DASH,DoorDash,Consumer Discretionary,Specialized Consumer Services,15.165021942280468,43.19094813659138,23.879210851744006,30.26903757949475
DGX,Quest Diagnostics,Health Care,Health Care Services,15.13890113713978,22.67623044457223,16.873113000735586,9.249794463098619
CFG,Citizens Financial Group,Financials,Regional Banks,14.821205341565017,31.758666218323402,19.153473392480162,29.076988086918366
FE,FirstEnergy,Utilities,Electric Utilities,14.791882794627975,20.404696402181855,16.134919887329218,12.758624424994316
MO,Altria,Consumer Staples,Tobacco,14.762254720598426,20.13217126442301,16.0320467462689,15.408852547101636
ROST,Ross Stores,Consumer Discretionary,Apparel Retail,14.067415881682585,25.662379776078037,16.662760326093615,21.083519743372367
LHX,L3Harris,Industrials,Aerospace & Defense,14.061587286311648,22.412455590099885,15.869570350749363,25.98272358776878
BSX,Boston Scientific,Health Care,Health Care Equipment,14.007834004461897,23.502229427353587,16.091442231795355,15.520816829504444
CBRE,CBRE Group,Real Estate,Real Estate Services,13.585764503446892,29.635472430769177,17.33298053399789,22.558282702322845
EXPD,Expeditors International,Industrials,Air Freight & Logistics,13.578762044587315,28.485332405360285,16.956777042537695,18.69070970519325
APA,APA Corporation,Energy,Oil & Gas Exploration & Production,13.498012804387628,53.15860748699697,27.08960664831469,44.28459063417504
GD,General Dynamics,Industrials,Aerospace & Defense,13.493398656535843,22.352177083977338,15.359914363784776,22.54728440702535
NEE,NextEra Energy,Utilities,Multi-Utilities,13.310102516617928,28.080493746269376,16.640890108634114,17.836212494264807
PSX,Phillips 66,Energy,Oil & Gas Refining & Marketing,13.228546434164809,35.32214314211705,18.91433752506362,31.315106728607162
ABBV,AbbVie,Health Care,Biotechnology,13.06113608484111,28.846938165308277,16.711912487983877,20.736386808870147
BG,Bunge Global,Consumer Staples,Agricultural Products & Services,13.009876190081087,32.41785588038886,17.585476543988324,24.356593700400357
HIG,Hartford (The),Financials,Property & Casualty Insurance,12.92587224297361,21.495316013481034,14.67035259434881,13.722151649888115
DIS,Walt Disney Company (The),Communication Services,Movies & Entertainment,12.658295299935512,29.523422090241162,16.400851285975836,30.202290388055573
PLD,Prologis,Real Estate,Industrial REITs,12.542612209179094,29.44661738518751,16.32429007232282,26.991908972943317
ADM,Archer Daniels Midland,Consumer Staples,Agricultural Products & Services,12.386821857066364,28.086675631317377,15.80836842637796,22.605318641895778
CMS,CMS Energy,Utilities,Multi-Utilities,12.371407052372833,17.008061709587842,13.299191363633161,8.506536429614915
CINF,Cincinnati Financial,Financials,Property & Casualty Insurance,12.274278667855205,24.957702180057126,14.89297194147252,20.025955374153003
HPE,Hewlett Packard Enterprise,Information Technology,"Technology Hardware, Storage & Peripherals",12.111315381762841,46.15826279819959,22.307220958498565,48.35785139966021
UAL,United Airlines Holdings,Industrials,Passenger Airlines,12.044950109761293,56.53874853548788,27.080301317762583,49.194712964731586
KEYS,Keysight Technologies,Information Technology,Electronic Equipment & Instruments,12.029308183211896,33.437987576193045,17.122852466178884,31.381342864107094
D,Dominion Energy,Utilities,Multi-Utilities,11.930536877582398,22.43407058529305,13.973882922598177,14.869278967358538
CTRA,Coterra,Energy,Oil & Gas Exploration & Production,11.801073221081634,30.907906762821103,16.14979164642973,23.620243753666273
NOC,Northrop Grumman,Industrials,Aerospace & Defense,11.796715696122675,27.4740019848714,15.148888340589457,18.440842853693376
KO,Coca-Cola Company (The),Consumer Staples,Soft Drinks & Non-alcoholic Beverages,11.745349201747244,17.455695553262828,12.800032844360027,9.81850649354051
NDAQ,"Nasdaq, Inc.",Financials,Financial Exchanges & Data,11.601101124141612,23.84613062350929,13.993022972997718,20.461383672962064
BKR,Baker Hughes,Energy,Oil & Gas Equipment & Services,11.53722164594731,35.787746716532496,17.529970131713675,28.00281711629948
CCL,Carnival,Consumer Discretionary,"Hotels, Resorts & Cruise Lines",11.35979940620887,46.504320382593534,21.67234005206766,42.330640796172446
TRV,Travelers Companies (The),Financials,Property & Casualty Insurance,11.316586451600646,22.99229804239117,13.540160807033564,12.471751985897194
TT,Trane Technologies,Industrials,Building Products,11.043808176236894,28.362959824248968,14.662215732965619,24.435647347796614
V,Visa Inc.,Financials,Transaction & Payment Processing Services,10.963487034668852,21.86014932948737,12.964712588984634,15.009243770269556
LYV,Live Nation Entertainment,Communication Services,Movies & Entertainment,10.569828217995685,30.537364232489043,14.859131829995206,25.132549997543364
ABT,Abbott Laboratories,Health Care,Health Care Equipment,10.422882434083675,21.452918839187763,12.389165336732763,13.27080486354522
AES,AES Corporation,Utilities,Independent Power Producers & Energy Traders,10.340623897607342,50.44414267098494,22.347373368652278,28.88948739899238
DD,DuPont,Materials,Specialty Chemicals,10.332959641737697,35.08545339089328,16.14824604001467,35.72016476832196
DELL,Dell Technologies,Information Technology,"Technology Hardware, Storage & Peripherals",10.171528509860508,51.58522933841261,23.334319035259117,50.13043369121528
YUM,Yum! Brands,Consumer Discretionary,Restaurants,9.794370685269884,24.46369273579851,12.461371902724277,14.453516833458677
TRMB,Trimble Inc.,Information Technology,Electronic Equipment & Instruments,9.259773165640354,29.227644261866054,13.252436501647116,28.868240480806445
PANW,Palo Alto Networks,Information Technology,Systems Software,9.235139595445736,35.10847283962308,15.107992170898227,26.81006177509213
KR,Kroger,Consumer Staples,Food Retail,9.131301322882292,25.59396468960576,12.109228297283952,14.25378779870121
UHS,Universal Health Services,Health Care,Health Care Facilities,9.094292141652407,32.56212256777873,14.177091893248564,25.467579233356986
CTVA,Corteva,Materials,Fertilizers & Agricultural Chemicals,8.802815003731176,27.216612514140724,12.304925950638648,20.71011691287803
DRI,Darden Restaurants,Consumer Discretionary,Restaurants,8.551652732352078,28.99724169646062,12.434473617157598,20.187725947805895
WMB,Williams Companies,Energy,Oil & Gas Storage & Transportation,8.1674775215224,27.535311771168764,11.803565872759448,12.360429001968047
AFL,Aflac,Financials,Life & Health Insurance,8.076179966962652,21.890972413570793,10.302805432161556,13.073281018591597
SO,Southern Company,Utilities,Electric Utilities,8.069243729492305,17.76147586854416,9.460058845032519,9.783809588047646
HLT,Hilton Worldwide,Consumer Discretionary,"Hotels, Resorts & Cruise Lines",7.981940994062735,25.680285418439468,11.07617687651065,26.35115231411388
SPG,Simon Property Group,Real Estate,Retail REITs,7.974219225008865,26.279158330195507,11.264089440702715,24.318750933030152
J,Jacobs Solutions,Industrials,Construction & Engineering,7.793843726418036,24.735758498449417,10.686654726441919,25.58585397409124
CDNS,Cadence Design Systems,Information Technology,Application Software,7.533478355550417,39.388123217492236,15.117879667213236,28.62513302190121
MA,Mastercard,Financials,Transaction & Payment Processing Services,7.449391771965397,22.161602858684486,9.760074651162544,16.72537126845015
MTCH,Match Group,Communication Services,Interactive Media & Services,7.417989164327396,35.54273785334357,13.552383779208787,25.434096517265516
AIZ,Assurant,Financials,Multi-line Insurance,6.916494603331307,26.957008184863195,10.386496921136521,20.829708034961627
SRE,Sempra,Utilities,Multi-Utilities,6.698189540491469,30.536795255345805,11.502690733891072,31.62068011291726
A,Agilent Technologies,Health Care,Life Sciences Tools & Services,6.485969239507982,31.675617635932806,11.365034023510999,34.79623816566053
K,Kellanova,Consumer Staples,Packaged Foods & Meats,6.135422173715332,7.263223999749209,6.309907345954205,5.81069158212494
TDY,Teledyne Technologies,Information Technology,Electronic Equipment & Instruments,6.075448811117174,23.029698068687512,8.636591546256792,16.055048569672408
NSC,Norfolk Southern,Industrials,Rail Transportation,5.925954700922867,23.582024144870722,8.614785515546062,24.860137094411055
ALL,Allstate,Financials,Property & Casualty Insurance,5.925243949663077,26.5874879203409,9.39317104380359,14.106945917549577
ETN,Eaton Corporation,Industrials,Electrical Components & Equipment,5.726693011757144,36.21390318776962,12.303729490459757,34.4609677720943
O,Realty Income,Real Estate,Retail REITs,5.702669322087452,18.058445107624998,7.264004875551648,10.841688402198136
BLK,BlackRock,Financials,Asset Management & Custody Banks,5.346601706040138,27.265388590840743,9.001729916148932,23.74031775078926
EMR,Emerson Electric,Industrials,Electrical Components & Equipment,5.117721375849025,29.818114356396602,9.508708145626178,29.614817485158856
AME,Ametek,Industrials,Electrical Components & Equipment,5.083619549280098,22.588416482628404,7.566964447944183,23.041229616370543
STLD,Steel Dynamics,Materials,Steel,4.975518406027424,37.0382470608768,11.703716686360456,25.885365156465824
META,Meta Platforms,Communication Services,Interactive Media & Services,4.9325814176636715,38.240092596598316,12.1143538769305,34.15081492514953
VZ,Verizon,Communication Services,Integrated Telecommunication Services,4.908973505357973,21.304147224993518,7.147637544020034,13.31537581194204
GPC,Genuine Parts Company,Consumer Discretionary,Distributors,4.899253284228228,24.92112892981838,7.930092285838758,18.198734371149712
MDT,Medtronic,Health Care,Health Care Equipment,4.766376191922432,21.381022731521306,7.024303578501648,13.947374466877044
PNR,Pentair,Industrials,Industrial Machinery & Supplies & Components,4.666319179963323,27.5886395758907,8.387359231525597,30.086139989338356
ISRG,Intuitive Surgical,Health Care,Health Care Equipment,4.482337431680629,35.87782838621743,10.748731664874336,29.627326112298086
LH,Labcorp,Health Care,Health Care Services,4.352665522629425,23.93050447359522,7.179652109644158,17.36303774163524
MCO,Moody's Corporation,Financials,Financial Exchanges & Data,4.342751992020823,27.32238670886551,8.042314635275755,24.651963444103593
RJF,Raymond James Financial,Financials,Investment Banking & Brokerage,4.157698761391463,26.471218032658943,7.634806468042964,28.118235739962522
ADI,Analog Devices,Information Technology,Semiconductors,4.002346352482219,38.95426398120531,11.402403844180418,32.197460468027515
ECL,Ecolab,Materials,Specialty Chemicals,3.7870657140228756,20.43845803975447,5.859203481930892,16.15379689349687
MCD,McDonald's,Consumer Discretionary,Restaurants,3.6363173879104904,17.847524102080268,5.216205136226469,10.619844702354825
KMI,Kinder Morgan,Energy,Oil & Gas Storage & Transportation,3.2607307242380204,25.46820416954678,6.552360990621267,18.395236794300768
WTW,Willis Towers Watson,Financials,Insurance Brokers,3.1496456097908165,20.984164034675025,5.358078190885314,12.940102815439165
LUV,Southwest Airlines,Industrials,Passenger Airlines,3.094060865647848,41.45880882950024,11.664386089558953,30.998851067953105
WAB,Wabtec,Industrials,Construction Machinery & Heavy Transportation Equipment,3.039622614431149,28.282010194884972,7.049643424582736,23.5543844485252
ED,Consolidated Edison,Utilities,Multi-Utilities,2.855962753096054,19.746725935140876,4.803672800057699,14.22667374223257
CB,Chubb Limited,Financials,Property & Casualty Insurance,2.8257798643783536,20.272096949845857,4.888431241292485,11.761927810275532
FFIV,"F5, Inc.",Information Technology,Communications Equipment,2.5673852032898625,31.9919003327762,7.686488955216984,29.66168504299024
QCOM,Qualcomm,Information Technology,Semiconductors,2.4223217675908,38.657946591274275,9.847864590389069,28.731849416716287
PNW,Pinnacle West Capital,Utilities,Multi-Utilities,2.2520799975218413,17.641380045941446,3.8145368994617264,13.499788009879094
TDG,TransDigm Group,Industrials,Aerospace & Defense,2.2300835313435874,28.717344198851553,6.446390227000771,18.386487630779534
MAR,Marriott International,Consumer Discretionary,"Hotels, Resorts & Cruise Lines",2.223237654261739,28.42752384556132,6.243308430229306,30.500108097257034
TMO,Thermo Fisher Scientific,Health Care,Life Sciences Tools & Services,2.17428216162196,32.61274014277564,7.416502565144252,35.558085615952635
LDOS,Leidos,Industrials,Diversified Support Services,2.17227709504827,30.487367724577634,6.912034508980253,36.86276958434206
MSCI,MSCI Inc.,Financials,Financial Exchanges & Data,2.0503851984545274,28.193309514278276,6.03716483388285,20.099645935426665
MTD,Mettler Toledo,Health Care,Life Sciences Tools & Services,1.9907599748581097,34.90297218083207,8.0661025513398,31.269127536976875
CVX,Chevron Corporation,Energy,Integrated Oil & Gas,1.9816939007513907,24.637847779695576,5.056095814944563,20.639728233938563
AIG,American International Group,Financials,Multi-line Insurance,1.754155279991109,23.870524896862747,4.625627759598477,12.216302527615493
VICI,Vici Properties,Real Estate,Hotel & Resort REITs,1.7205449115384266,18.914642906607217,3.512540816428331,12.264555749463725
HST,Host Hotels & Resorts,Real Estate,Hotel & Resort REITs,1.7078151665886179,30.34098450417217,6.261250413467058,31.29738779958224
COST,Costco,Consumer Staples,Consumer Staples Merchandise Retail,1.5831996294332074,21.96368733102019,4.005751996982845,17.294719505004817
AMGN,Amgen,Health Care,Biotechnology,1.3147374409685377,28.244135416990808,5.3102045670372275,19.8802529646877
RMD,ResMed,Health Care,Health Care Equipment,1.1010649650822306,27.121667935616273,4.773355449591055,20.434999999403914
HSIC,Henry Schein,Health Care,Health Care Distributors,0.9073847769679536,30.101172944135307,5.389560804044306,24.27054571358634
PEG,Public Service Enterprise Group,Utilities,Electric Utilities,0.8692419097657188,21.66347110602657,3.23158991642859,17.168894045445303
CSX,CSX Corporation,Industrials,Rail Transportation,0.41860592308532896,24.084273497994644,3.306008290641533,26.718340179524695
BKNG,Booking Holdings,Consumer Discretionary,"Hotels, Resorts & Cruise Lines",0.2707030574244863,27.589476875053602,4.039229731663204,21.275235858887605
FAST,Fastenal,Industrials,Trading Companies & Distributors,0.20732269535630726,24.266141378152977,3.1434096486808643,18.670483387948153
HSY,Hershey Company (The),Consumer Staples,Packaged Foods & Meats,0.20341746447878503,30.558699009244926,4.82637392665574,25.256892998681558
HUBB,Hubbell Incorporated,Industrials,Industrial Machinery & Supplies & Components,0.0889263142064867,31.532846382891954,5.031576377650828,32.448461276166455
TFC,Truist Financial,Financials,Diversified Banks,-0.05467255893218454,29.033578395551064,4.179071108761925,26.92877782848691
BR,Broadridge Financial Solutions,Industrials,Data Processing & Outsourced Services,-0.1606991470589121,21.947358842642252,2.2360133311941137,18.190586774051354
AWK,American Water Works,Utilities,Water Utilities,-0.18854646108453732,24.298650062342865,2.742118140979213,16.127995994740658
RF,Regions Financial Corporation,Financials,Regional Banks,-0.29860882845805575,29.05372810158863,3.9325575419485914,31.90024939243788
PFG,Principal Financial Group,Financials,Life & Health Insurance,-0.5174107807047392,28.063351111330963,3.40649826070639,21.16441115026575
SPGI,S&P Global,Financials,Financial Exchanges & Data,-0.720724976537886,23.82076052890794,2.1037897032851918,19.24888986995329
RSG,Republic Services,Industrials,Environmental & Facilities Services,-0.824492978794412,18.51347154307595,0.8742119675766408,20.45579241367785
SNA,Snap-on,Industrials,Industrial Machinery & Supplies & Components,-0.8390864331100534,24.5910698883237,2.151379980926625,20.766222528515403
MLM,Martin Marietta Materials,Materials,Construction Materials,-0.8628034752052544,23.002282866911784,1.744150946181176,26.748979123743133
VMC,Vulcan Materials Company,Materials,Construction Materials,-0.9146419066934077,23.506505557551545,1.8135831944143765,24.42953772727301
URI,United Rentals,Industrials,Trading Companies & Distributors,-1.1606743396266015,36.59169588906755,5.42954412006988,36.65264217781466
USB,U.S. Bancorp,Financials,Diversified Banks,-1.218163197497221,27.23194165033191,2.482895001588564,30.634475577961602
CF,CF Industries,Materials,Fertilizers & Agricultural Chemicals,-1.459079006624491,33.28162538940703,4.071814156152591,29.15900918626104
GRMN,Garmin,Consumer Discretionary,Consumer Electronics,-1.5298560179709042,35.45981649597149,4.820314925773264,27.97329072013543
XOM,ExxonMobil,Energy,Integrated Oil & Gas,-2.07181544450647,23.1956398580244,0.5746614464207587,17.310058271466737
INTU,Intuit,Information Technology,Application Software,-2.401699625372661,31.769421335989463,2.484315753446342,22.835363665585202
HON,Honeywell,Industrials,Industrial Conglomerates,-2.4489650782381736,25.42259427249059,0.6916743268318778,22.102262211886007
SYY,Sysco,Consumer Staples,Food Distributors,-2.55313586167698,21.22832037140498,-0.37908944363688996,15.70583805471796
DLR,Digital Realty,Real Estate,Data Center REITs,-2.9018846633451023,27.093969130762012,0.6892427702642767,29.399473636475275
IQV,IQVIA,Health Care,Life Sciences Tools & Services,-3.1330357841327094,38.83074108183278,4.122416698203693,37.50855144372453
PFE,Pfizer,Health Care,Pharmaceuticals,-3.154855143979635,26.509539584019254,0.23224577713792238,19.76960593884966
DAL,Delta Air Lines,Industrials,Passenger Airlines,-3.186823864554332,50.27845062913065,8.930676350173343,47.918564030827696
REG,Regency Centers,Real Estate,Retail REITs,-3.3120877441117345,19.477118359067163,-1.5328395082254567,14.957114855714696
SYK,Stryker Corporation,Health Care,Health Care Equipment,-3.4630463010163086,21.850093538363478,-1.2057426659856596,15.441536203522505
ADSK,Autodesk,Information Technology,Application Software,-3.48598215234675,29.491160377671978,0.7127633337671506,25.657545209513295
FTNT,Fortinet,Information Technology,Systems Software,-3.7523893142890223,43.20562193409187,5.803082356019411,35.07026308126188
KEY,KeyCorp,Financials,Regional Banks,-3.799111764813264,30.81443048465755,0.8419121243717159,31.666369541356566
WAT,Waters Corporation,Health Care,Life Sciences Tools & Services,-3.8744410142597676,37.04646544282957,2.8964833471866913,33.445168224420044
FITB,Fifth Third Bancorp,Financials,Regional Banks,-3.9779603034031683,27.72786716259203,-0.24715251110099334,29.94502726674349
MET,MetLife,Financials,Life & Health Insurance,-4.206747512030988,28.387997110711765,-0.3227919506214524,21.9728273877604
ICE,Intercontinental Exchange,Financials,Financial Exchanges & Data,-4.43999190279239,18.769750574172686,-2.8512429596504743,22.52751923762563
HAL,Halliburton,Energy,Oil & Gas Equipment & Services,-4.856531064606472,43.259171408331284,4.255095281692391,39.040157833695
VLTO,Veralto,Industrials,Environmental & Facilities Services,-5.128856735255175,20.946632209486786,-3.1617692380309323,21.174381384513392
SJM,J.M. Smucker Company (The),Consumer Staples,Packaged Foods & Meats,-5.286848379674827,30.312042602023315,-0.8078499753129823,19.79936294350421
HD,Home Depot (The),Consumer Discretionary,Home Improvement Retail,-5.412650178132142,22.42614879298545,-3.156129923359268,21.791626049124897
NTAP,NetApp,Information Technology,"Technology Hardware, Storage & Peripherals",-5.498091211206339,37.145022488804,1.2511409820992874,41.321708567476186
XYZ,"Block, Inc.",Financials,Transaction & Payment Processing Services,-5.765904784706017,55.49697520490543,9.72648446396926,52.96198984978916
FDX,FedEx,Industrials,Air Freight & Logistics,-6.452398419478686,32.65552144016313,-1.4150368093861616,34.41377530763333
HOLX,Hologic,Health Care,Health Care Equipment,-6.482531631099871,29.670988479985393,-2.4845868902099406,33.889169847095495
PNC,PNC Financial Services,Financials,Diversified Banks,-6.6529551363847705,25.034228975004964,-3.8525366681376445,29.77002385017445
ALB,Albemarle Corporation,Materials,Specialty Chemicals,-6.695822586485313,61.75614958379781,11.973148366727374,53.95646395465917
TSCO,Tractor Supply,Consumer Discretionary,Other Specialty Retail,-6.71809380068532,27.799427618654732,-3.211486008902796,16.948847985987907
AMT,American Tower,Real Estate,Telecom Tower REITs,-6.915901028619718,25.388366602178202,-4.068976256493733,23.30660480109223
ACGL,Arch Capital Group,Financials,Property & Casualty Insurance,-7.5233887169790385,25.00896509038589,-4.814257736789839,15.902319816137192
TRGP,Targa Resources,Energy,Oil & Gas Storage & Transportation,-7.5336768010460835,37.33359873615827,-0.9166657076496899,31.61159138786055
EQIX,Equinix,Real Estate,Data Center REITs,-7.790311840526643,27.494992635517885,-4.420536609207563,24.475317046420084
HBAN,Huntington Bancshares,Financials,Regional Banks,-7.79458495752597,29.84787533584522,-3.758842168128609,30.011842131631617
UNP,Union Pacific Corporation,Industrials,Rail Transportation,-7.992234252754528,22.71726541315261,-5.901063812644036,17.68923707867096
FTV,Fortive,Industrials,Industrial Machinery & Supplies & Components,-8.014154906690154,26.117747887814257,-5.071600383604062,25.399288393891673
WM,Waste Management,Industrials,Environmental & Facilities Services,-8.143464276606476,18.538950614304216,-6.9181570751909565,18.135415016109437
OTIS,Otis Worldwide,Industrials,Industrial Machinery & Supplies & Components,-8.149140932624402,24.149125892277066,-5.626315856901661,18.22044849019649
JKHY,Jack Henry & Associates,Financials,Transaction & Payment Processing Services,-8.182974761684138,22.8284416810698,-6.071392610561703,23.016016753640763
PG,Procter & Gamble,Consumer Staples,Personal Care Products,-8.211993561941965,18.515831287983993,-6.9891237570256255,16.532684707021737
BBY,Best Buy,Consumer Discretionary,Computer & Electronics Retail,-8.22669322234016,43.47958421395157,0.9307570066799725,38.197986872255356
ITW,Illinois Tool Works,Industrials,Industrial Machinery & Supplies & Components,-8.285779982269458,22.21417928664171,-6.330379898319066,20.62887150599654
TXT,Textron,Industrials,Aerospace & Defense,-8.373204119768808,28.197316227824764,-4.892122575324642,31.04215943406572
PTC,PTC Inc.,Information Technology,Application Software,-8.481983750132576,34.05013423978273,-3.3306470723833836,32.270045120335375
NWS,News Corp (Class B),Communication Services,Publishing,-8.489099446597566,24.018315954686404,-6.143950618452335,21.430281728839514
PHM,PulteGroup,Consumer Discretionary,Homebuilding,-8.615878511191575,35.06307009680353,-3.0977899656932277,32.88126301658862
NUE,Nucor,Materials,Steel,-8.657254302256524,38.0116552007654,-2.00874309149165,35.358805284376906
TSN,Tyson Foods,Consumer Staples,Packaged Foods & Meats,-8.919534589842176,22.384860796609846,-6.981825207133917,19.28245099238504
CTSH,Cognizant,Information Technology,IT Consulting & Other Services,-9.078133965057562,25.972226267502812,-6.315140440882096,26.9692377137745
DPZ,Domino's,Consumer Discretionary,Restaurants,-9.119452797875523,27.249606405760762,-6.020781722331762,19.2899037467745
PCAR,Paccar,Industrials,Construction Machinery & Heavy Transportation Equipment,-9.188100722892484,28.034678910180155,-5.899828184197602,24.704435027514933
JBHT,J.B. Hunt,Industrials,Cargo Ground Transportation,-9.320485864824079,41.13928265233338,-1.804556997385831,36.58120149270745
MOS,Mosaic Company (The),Materials,Fertilizers & Agricultural Chemicals,-9.403841853353605,39.23461443417411,-2.245497171313015,33.641623259034745
MTB,M&T Bank,Financials,Regional Banks,-9.41083688625276,25.98822314937092,-6.650436282844423,28.513608205580738
LIN,Linde plc,Materials,Industrial Gases,-9.631182075836412,18.827206099000186,-8.528053343562378,14.766642032068479
BIIB,Biogen,Health Care,Biotechnology,-9.878100768545698,32.342684457085454,-5.390349701571424,34.80910852857702
AON,Aon plc,Financials,Insurance Brokers,-9.955205197438524,21.807531343080786,-8.263155348727802,20.003441046473444
NDSN,Nordson Corporation,Industrials,Industrial Machinery & Supplies & Components,-10.193601608007707,28.943940914510918,-6.7705862927787575,35.98060429526672
EG,Everest Group,Financials,Reinsurance,-10.244358123381033,25.80601236617633,-7.594949476870062,20.71615249257554
PEP,PepsiCo,Consumer Staples,Soft Drinks & Non-alcoholic Beverages,-10.333458608578896,22.98020324361434,-8.457476923464954,20.866435332931623
SBAC,SBA Communications,Real Estate,Telecom Tower REITs,-10.386049946518671,25.031658785579697,-8.025381476632433,22.213979807095832
ESS,Essex Property Trust,Real Estate,Multi-Family Residential REITs,-10.433519901545571,25.02537704322334,-8.046592822790165,19.072645932572147
DOV,Dover Corporation,Industrials,Industrial Machinery & Supplies & Components,-10.527507669498478,27.3331213312622,-7.588716632131636,26.591511783111123
BMY,Bristol Myers Squibb,Health Care,Pharmaceuticals,-10.532162647383299,29.93476731412988,-6.864460304913619,29.917085360909628
TROW,T. Rowe Price,Financials,Asset Management & Custody Banks,-10.571955217999896,28.94556059044494,-7.218700086809074,34.047546130043784
BXP,"BXP, Inc.",Real Estate,Office REITs,-10.660159132830117,32.08120703086984,-6.294271735010784,29.742903321373888
NXPI,NXP Semiconductors,Information Technology,Semiconductors,-10.915019653150875,45.65192585283144,-1.5509554804946384,37.258904088635155
PRU,Prudential Financial,Financials,Life & Health Insurance,-10.930612395181557,26.880598119291342,-8.142981544273903,25.660008761201247
IRM,Iron Mountain,Real Estate,Other Specialized REITs,-10.982165420757532,32.49243641454306,-6.526652506779955,37.11140032632399
CCI,Crown Castle,Real Estate,Telecom Tower REITs,-11.021549309559633,25.638030994217427,-8.618006045145114,22.044108414565102
LOW,Lowe's,Consumer Discretionary,Home Improvement Retail,-11.384179136614708,24.126464182689837,-9.381675514694763,22.775336846615932
HUM,Humana,Health Care,Managed Health Care,-11.510839915321815,45.749322361617935,-1.9259675937734495,26.77761280672729
SOLV,Solventum,Health Care,Health Care Technology,-11.709072800400424,30.733801855931738,-7.97423003877453,25.023801005347927
CSGP,CoStar Group,Real Estate,Real Estate Services,-11.716909677371616,33.39555030740309,-7.054312365641277,30.43478329384034
FRT,Federal Realty Investment Trust,Real Estate,Retail REITs,-11.828874875790815,23.718701501802652,-9.986508105968921,27.381131262443546
MDLZ,Mondelez International,Consumer Staples,Packaged Foods & Meats,-11.9093396234483,22.227773650489404,-10.409543794438925,20.09708118357994
TMUS,T-Mobile US,Communication Services,Wireless Telecommunication Services,-11.930452192584527,27.946695968241585,-8.949199312129348,25.791522334438266
AOS,A. O. Smith,Industrials,Building Products,-11.96919429459492,24.45484790373961,-9.969601159389532,21.172245165485933
MRK,Merck & Co.,Health Care,Pharmaceuticals,-12.0717799391271,29.320856177523773,-8.765822086796799,28.029771958107396
SBUX,Starbucks,Consumer Discretionary,Restaurants,-12.280683190181971,33.56001460512703,-7.690172534731969,31.3239948098538
SHW,Sherwin-Williams,Materials,Specialty Chemicals,-12.378453572654735,24.742450620152066,-10.390106460711987,21.394211316615266
GEN,Gen Digital,Information Technology,Systems Software,-12.395148328676177,27.32743548250221,-9.740820941786001,25.535308944196327
IPG,Interpublic Group of Companies (The),Communication Services,Advertising,-12.569616394867941,31.135500521311982,-8.817742694501428,23.88644373552445
LMT,Lockheed Martin,Industrials,Aerospace & Defense,-12.635854300328178,26.455514095465492,-10.152490872943865,26.524729134577896
DHI,D. R. Horton,Consumer Discretionary,Homebuilding,-12.649767635413841,37.309431559370424,-6.952015792062953,33.24904655017559
CL,Colgate-Palmolive,Consumer Staples,Household Products,-12.81443460931733,20.845462899444847,-11.760792139293624,21.68200521526059
WDAY,"Workday, Inc.",Information Technology,Application Software,-12.977753919121444,35.779035320294575,-7.715985397149182,24.807974539284444
CPT,Camden Property Trust,Real Estate,Multi-Family Residential REITs,-13.160199637323927,22.367430323814755,-11.832134873118465,20.32613816612285
NWSA,News Corp (Class A),Communication Services,Publishing,-13.376883994404112,23.191636497559642,-11.915824174160376,21.09116202234491
SLB,Schlumberger,Energy,Oil & Gas Equipment & Services,-13.38331866027595,35.67835779644765,-8.22621658080394,26.96499745516941
INVH,Invitation Homes,Real Estate,Single-Family Residential REITs,-13.40629430144253,20.386165397931887,-12.557985022603663,21.08332278531299
DHR,Danaher Corporation,Health Care,Life Sciences Tools & Services,-13.877378677646607,32.95312717552824,-9.763754133409446,30.20216870650247
MKC,McCormick & Company,Consumer Staples,Packaged Foods & Meats,-14.003010399954599,23.61956586571091,-12.544051334021807,23.235581334769833
EOG,EOG Resources,Energy,Oil & Gas Exploration & Production,-14.098436988474417,28.88195502501536,-11.252514075336343,23.684113927886536
KIM,Kimco Realty,Real Estate,Retail REITs,-14.167115786105422,23.48001581000317,-12.774724448001532,25.876128779077145
DVN,Devon Energy,Energy,Oil & Gas Exploration & Production,-14.282772988334802,41.558649130867146,-7.019256757091448,31.13605406069483
MAA,Mid-America Apartment Communities,Real Estate,Multi-Family Residential REITs,-14.426645641528799,21.068883100522587,-13.606436074728052,23.7862334639588
PSA,Public Storage,Real Estate,Self-Storage REITs,-14.43198502060439,22.468702270724037,-13.31339164006227,22.726474163793124
WST,West Pharmaceutical Services,Health Care,Health Care Supplies,-14.602513006723164,56.651739571681304,2.2385043371976763,45.23498375927406
AVY,Avery Dennison,Materials,Paper & Plastic Packaging Products & Materials,-14.616954250359768,24.493210375273314,-13.099163202448223,22.73361756690434
EQR,Equity Residential,Real Estate,Multi-Family Residential REITs,-14.898110695675326,23.58158714368688,-13.614138359705771,21.147836715225672
AJG,Arthur J. Gallagher & Co.,Financials,Insurance Brokers,-14.915848897106937,24.9953913522423,-13.261914280277292,30.042551026657303
DAY,Dayforce,Industrials,Human Resource & Employment Services,-15.019224882632884,43.74237635300949,-7.528846223544586,39.694376539519425
CTAS,Cintas,Industrials,Diversified Support Services,-15.136948591916891,25.48346046394114,-13.389059558467434,19.875777690677438
APD,Air Products,Materials,Industrial Gases,-15.164007981757127,25.358775133802393,-13.514968858889043,27.83715585589307
PKG,Packaging Corporation of America,Materials,Paper & Plastic Packaging Products & Materials,-15.243942487169427,26.801656736847807,-13.214587790277537,28.430090345526594
NOW,ServiceNow,Information Technology,Systems Software,-15.415452412081315,39.76335684391703,-9.233846212541685,38.34106448431789
ADP,Automatic Data Processing,Industrials,Human Resource & Employment Services,-15.491318663608574,19.93580199898525,-15.10207648690652,21.991896313107354
AMP,Ameriprise Financial,Financials,Asset Management & Custody Banks,-15.674650493374799,28.090347849806953,-13.377883104329083,26.389966840621838
MGM,MGM Resorts,Consumer Discretionary,Casinos & Gaming,-15.795060113636868,41.91210716176684,-8.988889999874397,36.11592371096633
DXCM,Dexcom,Health Care,Health Care Equipment,-15.803225403590632,45.69726663025182,-7.027587457999399,36.06611519805656
GEHC,GE HealthCare,Health Care,Health Care Equipment,-15.87605853572088,35.84744088536077,-11.025890549133745,37.15233807025531
CHD,Church & Dwight,Consumer Staples,Household Products,-16.053742105882506,21.996634419695454,-15.360792818908212,27.277286524651828
BX,Blackstone Inc.,Financials,Asset Management & Custody Banks,-16.13178436016526,38.64170133127104,-10.46092704385485,39.16397117052587
PGR,Progressive Corporation,Financials,Property & Casualty Insurance,-16.210204348395468,24.687781131755216,-14.884862907326909,29.972439435213
AMCR,Amcor,Materials,Paper & Plastic Packaging Products & Materials,-16.29059910241032,25.581151871983277,-14.749514450730764,24.528402870361123
MSI,Motorola Solutions,Information Technology,Communications Equipment,-16.383103286831734,24.329062302855732,-15.194282999085884,22.124929164385897
EXR,Extra Space Storage,Real Estate,Self-Storage REITs,-16.60142030509236,26.366646273102855,-14.93702490678438,25.080892468809168
NKE,"Nike, Inc.",Consumer Discretionary,"Apparel, Accessories & Luxury Goods",-16.671116258644734,39.6826294841111,-10.724767838656355,34.48407085603322
VRTX,Vertex Pharmaceuticals,Health Care,Biotechnology,-17.155937926719186,35.48112002427569,-12.414005075149742,29.066839131480364
KDP,Keurig Dr Pepper,Consumer Staples,Soft Drinks & Non-alcoholic Beverages,-17.491634974314778,26.748950739090038,-15.89595434524872,28.01184287705889
GNRC,Generac,Industrials,Electrical Components & Equipment,-17.63162778853318,44.64403434244851,-9.97123796944756,47.76280157341256
DOC,Healthpeak Properties,Real Estate,Health Care REITs,-17.754618615897282,23.944391381287982,-16.974160664627398,24.10072028446911
ZBH,Zimmer Biomet,Health Care,Health Care Equipment,-17.795571489621224,30.28323653750981,-15.185725636295711,21.40240797109692
MCHP,Microchip Technology,Information Technology,Semiconductors,-17.81832061504181,59.008093201726275,-2.9150658884879515,51.77490710468876
BALL,Ball Corporation,Materials,"Metal, Glass & Plastic Containers",-18.101174361760407,25.660158935318478,-16.984217080597393,28.20112946958897
ABNB,Airbnb,Consumer Discretionary,"Hotels, Resorts & Cruise Lines",-18.212660125656967,39.032830712085236,-12.93709682650892,34.524839771842245
CI,Cigna,Health Care,Health Care Services,-18.219536873370558,35.36586982424147,-13.965644451296319,27.412165599547766
APO,Apollo Global Management,Financials,Asset Management & Custody Banks,-18.249297276302524,41.994466481968814,-11.668797481389799,38.97881224369406
PYPL,PayPal,Financials,Transaction & Payment Processing Services,-18.549473412333285,38.35030053313267,-13.400853413291806,37.46868383176607
CRL,Charles River Laboratories,Health Care,Life Sciences Tools & Services,-18.7407816166016,54.47549637598205,-5.594398955108276,54.80085237368926
UDR,"UDR, Inc.",Real Estate,Multi-Family Residential REITs,-18.99579377799771,22.88344827003568,-18.783594099378803,24.655674868693126
DVA,DaVita,Health Care,Health Care Services,-19.179355772017427,31.13242949535502,-16.72224932987861,33.04200963450319
GWW,W. W. Grainger,Industrials,Industrial Machinery & Supplies & Components,-19.208451600066336,22.941567830597553,-19.00132838113941,24.503920750500825
FCX,Freeport-McMoRan,Materials,Copper,-19.227452824924065,48.436153096700245,-9.785548133855208,39.767154029512824
LKQ,LKQ Corporation,Consumer Discretionary,Distributors,-19.276995599890366,33.886797039519514,-15.783685117598054,33.32747451235514
PCG,PG&E Corporation,Utilities,Multi-Utilities,-19.297761578387362,31.157230542485355,-16.882307565852912,39.62704307059978
SWKS,Skyworks Solutions,Information Technology,Semiconductors,-19.53001118280183,50.27682143133173,-9.083076264554904,47.08618697178878
VTRS,Viatris,Health Care,Pharmaceuticals,-19.59206319709651,33.918694193795076,-16.27740374527517,45.01557447741774
MMC,Marsh McLennan,Financials,Insurance Brokers,-19.61563505425643,20.671220642480545,-20.016635368800475,27.07363174523472
TAP,Molson Coors Beverage Company,Consumer Staples,Brewers,-19.644558124045563,25.604633445868718,-18.969010307687444,30.04675501338636
OXY,Occidental Petroleum,Energy,Oil & Gas Exploration & Production,-19.67323216378858,36.357313189948805,-15.601624897280905,31.13018393861652
CPAY,Corpay,Financials,Transaction & Payment Processing Services,-19.76911976911977,36.83276664982846,-15.592876609908826,34.539851626045234
BDX,Becton Dickinson,Health Care,Health Care Equipment,-20.257718869527533,29.958428129421062,-18.293686182734543,33.39422346716464
LII,Lennox International,Industrials,Building Products,-20.392453311164005,35.445056770116885,-16.843334812728752,27.46466939909706
FANG,Diamondback Energy,Energy,Oil & Gas Exploration & Production,-20.43073046903031,38.641985867880635,-15.667854792720167,35.18723621150517
KKR,KKR & Co.,Financials,Asset Management & Custody Banks,-20.507686988304645,45.318048942668014,-12.998000618340749,44.39055012103296
AVB,AvalonBay Communities,Real Estate,Multi-Family Residential REITs,-20.522065149112187,22.531227263798915,-20.789215389954467,24.36134796350372
LW,Lamb Weston,Consumer Staples,Packaged Foods & Meats,-20.926476759368605,43.639155658106674,-14.203913895461765,40.870057756376525
KMB,Kimberly-Clark,Consumer Staples,Household Products,-20.937969216859926,24.357264716017117,-20.788229874232332,30.402490573189343
REGN,Regeneron Pharmaceuticals,Health Care,Biotechnology,-21.205717090471232,40.81757490634409,-15.684591539516266,41.52659713597479
MAS,Masco,Industrials,Building Products,-21.26994023647926,31.25467533338897,-19.458629506750587,28.23457001003703
COP,ConocoPhillips,Energy,Oil & Gas Exploration & Production,-21.332625200738775,33.10496178134296,-18.840044009609432,26.748615006058056
PAYX,Paychex,Industrials,Human Resource & Employment Services,-21.367341254483843,23.90136849952165,-21.529376294430396,28.85481189291019
ROP,Roper Technologies,Information Technology,Electronic Equipment & Instruments,-21.84992838386634,21.2040841531584,-22.792605643868622,24.989718523477748
NVR,"NVR, Inc.",Consumer Discretionary,Homebuilding,-21.97299667250549,27.375791736135795,-21.482252777335688,28.010713610799737
CRM,Salesforce,Information Technology,Application Software,-22.54383607791456,34.4370304311573,-20.079787439843958,36.75562768322728
PPG,PPG Industries,Materials,Specialty Chemicals,-22.614200012730006,29.61037668391322,-21.70179614089163,27.327944190527788
FICO,Fair Isaac,Information Technology,Application Software,-23.036626365121986,47.96728880493724,-15.050656339747084,44.96054132324142
SWK,Stanley Black & Decker,Industrials,Industrial Machinery & Supplies & Components,-23.33176415103336,44.31073617773414,-17.2316609332206,38.46716413772725
TXN,Texas Instruments,Information Technology,Semiconductors,-23.4074023433879,39.824552812743896,-19.174652777111493,33.41196962784868
TECH,Bio-Techne,Health Care,Life Sciences Tools & Services,-23.458248250908774,43.75467893353531,-17.591679998484857,40.581410158922345
VRSK,Verisk Analytics,Industrials,Research & Consulting Services,-23.604441185052004,25.04571504978775,-24.15631384552026,35.06466434239737
KHC,Kraft Heinz,Consumer Staples,Packaged Foods & Meats,-23.643028819955784,25.65484493543531,-24.102510994111135,24.17763249148454
CARR,Carrier Global,Industrials,Building Products,-23.689118349775303,33.866069984505806,-21.754296642240266,30.385234255369387
EFX,Equifax,Industrials,Research & Consulting Services,-23.691577433529915,36.7600625037133,-20.728524609198143,26.92861807689703
FIS,Fidelity National Information Services,Financials,Transaction & Payment Processing Services,-23.82694756987576,29.52129603917578,-23.231462465027487,29.364774132187105
TPL,Texas Pacific Land Corporation,Energy,Oil & Gas Exploration & Production,-23.877079964026414,52.649386103780216,-13.819596943460697,50.41169747295445
TYL,Tyler Technologies,Information Technology,Application Software,-24.431619693680574,27.475161594837367,-24.697574239082734,28.099388195075438
IR,Ingersoll Rand,Industrials,Industrial Machinery & Supplies & Components,-24.899150526202277,32.06616135574525,-23.893368718296372,36.624209776414645
GDDY,GoDaddy,Information Technology,Internet Services & Infrastructure,-25.018330168152186,33.169494570716076,-23.58810030634568,40.95171630939912
HRL,Hormel Foods,Consumer Staples,Packaged Foods & Meats,-25.223845137959366,26.16913720922005,-26.000544709513722,33.869952737727026
ELV,Elevance Health,Health Care,Managed Health Care,-25.4237683153305,35.3394901160582,-23.401059072679278,39.05966242550035
KVUE,Kenvue,Consumer Staples,Personal Care Products,-25.654893277592322,34.904554562740785,-23.975770679042327,41.20375083919948
UPS,United Parcel Service,Industrials,Air Freight & Logistics,-25.803717428592886,32.60335511454304,-24.87478902183077,36.928903751124324
WY,Weyerhaeuser,Real Estate,Timber REITs,-25.92593853227287,27.61942865783191,-26.675394617441373,28.585725765654992
GIS,General Mills,Consumer Staples,Packaged Foods & Meats,-25.956752812654514,22.919260777063716,-27.889370914811874,28.244006007000706
IEX,IDEX Corporation,Industrials,Industrial Machinery & Supplies & Components,-26.01701835492845,28.955725520990942,-26.343559889883483,32.54608920878114
LEN,Lennar,Consumer Discretionary,Homebuilding,-26.245775306983216,34.34552454905811,-25.049650022112342,40.36566767488278
MHK,Mohawk Industries,Consumer Discretionary,Home Furnishings,-26.325227919406842,36.23156848147116,-24.517530903309705,32.85597079312662
EIX,Edison International,Utilities,Electric Utilities,-26.488610514500127,34.98532080607472,-25.01370832702317,43.88253176192028
HPQ,HP Inc.,Information Technology,"Technology Hardware, Storage & Peripherals",-27.066619520793957,38.249707394350594,-24.604327620247112,43.28869734246679
PAYC,Paycom,Industrials,Human Resource & Employment Services,-27.34210658131498,36.12066720591341,-25.923296233064306,38.17568511962452
RVTY,Revvity,Health Care,Health Care Equipment,-27.60327666859069,37.936878543270964,-25.638891240554823,34.861117482764435
OMC,Omnicom Group,Communication Services,Advertising,-27.842947276928626,31.747000962732645,-28.074300925939994,32.36222161091607
EPAM,EPAM Systems,Information Technology,IT Consulting & Other Services,-27.87223024184316,41.56700706416277,-24.550536391598083,46.866945277489535
CPRT,Copart,Industrials,Diversified Support Services,-28.312714337317598,26.71374182440523,-30.222566955792384,37.37468758352493
CDW,CDW Corporation,Information Technology,Technology Distributors,-29.24691580793622,32.109106327017,-29.971534643981535,30.598827449071475
IFF,International Flavors & Fragrances,Materials,Specialty Chemicals,-29.390806900126247,26.6513275727161,-31.790248936118843,34.05519286775863
AKAM,Akamai Technologies,Information Technology,Internet Services & Infrastructure,-30.076629374469317,41.64480032001617,-27.168079651579475,34.664752789716566
CPB,Campbell's Company (The),Consumer Staples,Packaged Foods & Meats,-30.390711527986912,27.616443099998357,-32.98507762483761,33.2068506925797
BRO,Brown & Brown,Financials,Insurance Brokers,-30.445726884825348,25.087784262883357,-33.647703386802654,38.403573439671824
ZTS,Zoetis,Health Care,Pharmaceuticals,-30.47413180775701,28.505111055117798,-32.74927185151395,32.25853388165229
SW,Smurfit Westrock,Materials,Paper & Plastic Packaging Products & Materials,-30.918896515315016,39.31826778077897,-29.80534482098595,35.20189704213088
SNPS,Synopsys,Information Technology,Application Software,-30.93673249164503,57.35883438570395,-19.102971693217498,39.91167375078664
GPN,Global Payments,Financials,Transaction & Payment Processing Services,-31.011453788213466,40.574044089004204,-29.333725883853074,43.20666264127244
OKE,Oneok,Energy,Oil & Gas Storage & Transportation,-31.45867605311433,31.59345782225414,-33.282464289831765,42.165977204204964
POOL,Pool Corporation,Consumer Discretionary,Distributors,-32.113035557587146,31.930168479551828,-34.26857594052699,35.59411873867607
ACN,Accenture,Information Technology,IT Consulting & Other Services,-32.13783069943121,28.279164439162447,-35.35723919616356,41.021444268105746
CLX,Clorox,Consumer Staples,Household Products,-32.25448208837579,22.30876263171672,-37.03626804466879,35.03629626361745
ON,ON Semiconductor,Information Technology,Semiconductors,-32.26926138781063,58.81498437717344,-22.431111741296775,56.79512903117312
NCLH,Norwegian Cruise Line Holdings,Consumer Discretionary,"Hotels, Resorts & Cruise Lines",-32.56931502560642,51.755819339683015,-26.565428539689563,46.68042599684063
ERIE,Erie Indemnity,Financials,Insurance Brokers,-32.64488395880619,32.494829731822996,-34.780183150979596,36.77335422886016
COO,Cooper Companies (The),Health Care,Health Care Supplies,-33.22365355919038,35.63003081159727,-34.489158937507675,38.731189142626285
ADBE,Adobe Inc.,Information Technology,Application Software,-34.65024408517847,33.96258302095892,-37.24768622822634,40.80042080877539
ZBRA,Zebra Technologies,Information Technology,Electronic Equipment & Instruments,-34.98162168375465,44.83993909983266,-33.49605683388513,49.29115890997941
IP,International Paper,Materials,Paper & Plastic Packaging Products & Materials,-35.15932761816581,37.557384170272016,-36.8086983643588,37.484743588848296
CMCSA,Comcast,Communication Services,Cable & Satellite,-35.86384737587133,27.520469495299434,-41.23523092170101,36.653170568085585
CAG,Conagra Brands,Consumer Staples,Packaged Foods & Meats,-36.944190602379045,25.170366777468423,-43.652377508578645,37.23241850550442
ODFL,Old Dominion,Industrials,Cargo Ground Transportation,-37.83532518497356,38.82721404441412,-40.749039191322886,41.69701383107386
TGT,Target Corporation,Consumer Staples,Consumer Staples Merchandise Retail,-38.646162722122156,39.91690465699102,-41.243889295790595,43.261729781687045
BLDR,Builders FirstSource,Industrials,Building Products,-39.148390295277444,45.27568053517029,-40.29503101838062,44.119982047533675
ALGN,Align Technology,Health Care,Health Care Supplies,-39.81006385093993,53.42732955678559,-35.104590341586814,48.079163880292484
CNC,Centene Corporation,Health Care,Managed Health Care,-40.65899199859322,57.66408385388119,-33.25646160450714,61.73926344210402
STZ,Constellation Brands,Consumer Staples,Distillers & Vintners,-43.7594728180174,31.31926249169606,-53.34161205751838,46.298595051225014
CHTR,Charter Communications,Communication Services,Cable & Satellite,-44.570528222586375,39.58789161982714,-51.82283281651999,49.00877691975388
UNH,UnitedHealth Group,Health Care,Managed Health Care,-45.73725879399262,48.53933648075599,-49.636234020242654,61.39087038676742
FDS,FactSet,Financials,Financial Exchanges & Data,-45.95771425338609,26.765894231481386,-58.831797215008585,48.338658530270514
LYB,LyondellBasell,Materials,Specialty Chemicals,-47.33549831610695,40.28858815395408,-56.92747767906658,47.33549831610695
CMG,Chipotle Mexican Grill,Consumer Discretionary,Restaurants,-47.50042957122435,37.883758416068474,-57.96629207190196,53.808951368839686
LULU,Lululemon Athletica,Consumer Discretionary,"Apparel, Accessories & Luxury Goods",-48.12876327824425,51.290439617702575,-52.988425960579534,62.04055614800286
BAX,Baxter International,Health Care,Health Care Equipment,-48.97494100562912,42.974265976759256,-58.52414876507645,50.324133084485545
ARE,Alexandria Real Estate Equities,Real Estate,Office REITs,-50.28373328600284,37.30688038499345,-63.65401372798931,50.42323548966343
DOW,Dow Inc.,Materials,Commodity Chemicals,-51.11182330814131,47.92363135437481,-61.0596609625962,54.736177861514314
MRNA,Moderna,Health Care,Biotechnology,-51.61097749723078,68.69618749131716,-50.07164109390983,53.24184407386614
DECK,Deckers Brands,Consumer Discretionary,Footwear,-53.42010081452049,54.35961950353823,-62.05398825895766,64.34942373809623
MOH,Molina Healthcare,Health Care,Managed Health Care,-56.433417023438594,52.15700780601438,-69.89089298918412,58.3767402207937
IT,Gartner,Information Technology,IT Consulting & Other Services,-58.12482617819579,40.68695333678096,-79.15720005036492,59.04675593934137
TTD,Trade Desk (The),Communication Services,Advertising,-65.3663306808623,75.31927346635376,-75.21262744561638,68.51121637523738
FI,Fiserv,Financials,Transaction & Payment Processing Services,-70.493607263438,59.37584917753966,-101.34068771075302,74.0821721652703
